timestamp;buyer;seller;symbol;currency;price;quantity
0;;SUBMISSION;KELP;SEASHELLS;2028.0;1
0;;SUBMISSION;RAINFOREST_RESIN;SEASHELLS;10002.0;1
0;;;KELP;SEASHELLS;2029.0;13
0;;;KELP;SEASHELLS;2029.0;1
0;;;RAINFOREST_RESIN;SEASHELLS;10004.0;1
100;;SUBMISSION;KELP;SEASHELLS;2025.0;22
100;;SUBMISSION;KELP;SEASHELLS;2025.0;2
100;;SUBMISSION;RAINFOREST_RESIN;SEASHELLS;9996.0;2
200;;SUBMISSION;KELP;SEASHELLS;2025.0;2
200;;SUBMISSION;KELP;SEASHELLS;2025.0;20
200;;SUBMISSION;RAINFOREST_RESIN;SEASHELLS;9995.0;20
300;;SUBMISSION;RAINFOREST_RESIN;SEASHELLS;9996.0;2
400;;SUBMISSION;RAINFOREST_RESIN;SEASHELLS;9996.0;2
600;;SUBMISSION;RAINFOREST_RESIN;SEASHELLS;10000.0;5
700;;SUBMISSION;KELP;SEASHELLS;2025.0;2
800;;SUBMISSION;KELP;SEASHELLS;2024.0;1
800;;SUBMISSION;RAINFOREST_RESIN;SEASHELLS;9996.0;1
900;;SUBMISSION;RAINFOREST_RESIN;SEASHELLS;9996.0;1
1100;;SUBMISSION;RAINFOREST_RESIN;SEASHELLS;9996.0;2
1100;;;RAINFOREST_RESIN;SEASHELLS;9995.0;10
1300;;SUBMISSION;RAINFOREST_RESIN;SEASHELLS;10002.0;1
1400;;SUBMISSION;RAINFOREST_RESIN;SEASHELLS;9996.0;1
1700;;SUBMISSION;RAINFOREST_RESIN;SEASHELLS;9996.0;2
1700;;;KELP;SEASHELLS;2026.0;8
1700;;;RAINFOREST_RESIN;SEASHELLS;10002.0;1
1800;;SUBMISSION;RAINFOREST_RESIN;SEASHELLS;10002.0;1
1900;;SUBMISSION;RAINFOREST_RESIN;SEASHELLS;9996.0;1
1900;;;KELP;SEASHELLS;2026.0;1
2000;;SUBMISSION;RAINFOREST_RESIN;SEASHELLS;9996.0;2
2000;;;RAINFOREST_RESIN;SEASHELLS;9998.0;1
2100;;SUBMISSION;RAINFOREST_RESIN;SEASHELLS;9996.0;2
2400;;;KELP;SEASHELLS;2025.0;1
2500;;SUBMISSION;RAINFOREST_RESIN;SEASHELLS;9996.0;1
2900;;SUBMISSION;RAINFOREST_RESIN;SEASHELLS;9996.0;1
2900;;;RAINFOREST_RESIN;SEASHELLS;9995.0;12
3000;;SUBMISSION;RAINFOREST_RESIN;SEASHELLS;9998.0;1
3000;;;KELP;SEASHELLS;2027.0;1
3000;;;RAINFOREST_RESIN;SEASHELLS;10005.0;1
3100;;;KELP;SEASHELLS;2023.0;2
3100;;;RAINFOREST_RESIN;SEASHELLS;9996.0;2
3200;;SUBMISSION;RAINFOREST_RESIN;SEASHELLS;9996.0;1
3200;;;KELP;SEASHELLS;2023.0;2
3200;;;RAINFOREST_RESIN;SEASHELLS;9995.0;2
3700;;;RAINFOREST_RESIN;SEASHELLS;10002.0;1
3800;;;KELP;SEASHELLS;2023.0;14
3800;;;KELP;SEASHELLS;2023.0;1
3800;;;RAINFOREST_RESIN;SEASHELLS;9996.0;1
4200;;;RAINFOREST_RESIN;SEASHELLS;9996.0;2
4300;;;KELP;SEASHELLS;2025.0;1
4300;;;KELP;SEASHELLS;2023.0;2
4300;;;RAINFOREST_RESIN;SEASHELLS;9995.0;2
4500;;;KELP;SEASHELLS;2023.0;1
4700;;;KELP;SEASHELLS;2023.0;7
4800;;;KELP;SEASHELLS;2027.0;2
4800;;;RAINFOREST_RESIN;SEASHELLS;10004.0;2
5300;;;KELP;SEASHELLS;2025.0;1
5700;;;KELP;SEASHELLS;2024.0;1
6100;;;KELP;SEASHELLS;2024.0;1
6500;;;RAINFOREST_RESIN;SEASHELLS;9998.0;1
6600;;;RAINFOREST_RESIN;SEASHELLS;10004.0;2
6700;;;RAINFOREST_RESIN;SEASHELLS;10002.0;3
6900;;;KELP;SEASHELLS;2026.0;1
6900;;;RAINFOREST_RESIN;SEASHELLS;10002.0;1
7000;;;KELP;SEASHELLS;2027.0;2
7000;;;RAINFOREST_RESIN;SEASHELLS;10005.0;2
7300;;;KELP;SEASHELLS;2027.0;2
7300;;;RAINFOREST_RESIN;SEASHELLS;10004.0;2
7400;;;KELP;SEASHELLS;2024.0;1
7700;;;KELP;SEASHELLS;2024.0;1
8100;;;KELP;SEASHELLS;2027.0;1
8100;;;RAINFOREST_RESIN;SEASHELLS;9996.0;1
8100;;;RAINFOREST_RESIN;SEASHELLS;9996.0;1
8600;;;KELP;SEASHELLS;2023.0;1
8800;;;RAINFOREST_RESIN;SEASHELLS;9998.0;1
9200;;;KELP;SEASHELLS;2025.0;1
10300;;;KELP;SEASHELLS;2024.0;1
10300;;;RAINFOREST_RESIN;SEASHELLS;9998.0;1
10400;;;RAINFOREST_RESIN;SEASHELLS;10002.0;1
10800;;;RAINFOREST_RESIN;SEASHELLS;10004.0;2
10800;;;RAINFOREST_RESIN;SEASHELLS;10004.0;10
11100;;;RAINFOREST_RESIN;SEASHELLS;9998.0;3
11100;;;RAINFOREST_RESIN;SEASHELLS;9998.0;4
11300;;;KELP;SEASHELLS;2022.0;3
11400;;;KELP;SEASHELLS;2022.0;2
11400;;;RAINFOREST_RESIN;SEASHELLS;9996.0;1
11500;;;RAINFOREST_RESIN;SEASHELLS;10002.0;2
11700;;;KELP;SEASHELLS;2023.0;2
11800;;;KELP;SEASHELLS;2025.0;1
12000;;;RAINFOREST_RESIN;SEASHELLS;10002.0;1
12400;;;KELP;SEASHELLS;2026.0;15
12500;;;KELP;SEASHELLS;2023.0;1
13000;;;KELP;SEASHELLS;2025.0;1
13000;;;RAINFOREST_RESIN;SEASHELLS;10002.0;1
13200;;;RAINFOREST_RESIN;SEASHELLS;9998.0;2
13300;;;KELP;SEASHELLS;2026.0;2
13300;;;RAINFOREST_RESIN;SEASHELLS;10005.0;2
13600;;;KELP;SEASHELLS;2023.0;1
14200;;;KELP;SEASHELLS;2023.0;1
15000;;;KELP;SEASHELLS;2024.0;2
15200;;;KELP;SEASHELLS;2022.0;1
15300;;;RAINFOREST_RESIN;SEASHELLS;10002.0;1
15400;;;RAINFOREST_RESIN;SEASHELLS;9998.0;1
15600;;;KELP;SEASHELLS;2025.0;2
15600;;;RAINFOREST_RESIN;SEASHELLS;10004.0;2
15700;;;RAINFOREST_RESIN;SEASHELLS;10002.0;1
15800;;;KELP;SEASHELLS;2025.0;1
16200;;;KELP;SEASHELLS;2023.0;1
16200;;;KELP;SEASHELLS;2023.0;1
16200;;;RAINFOREST_RESIN;SEASHELLS;9998.0;1
16300;;;RAINFOREST_RESIN;SEASHELLS;10004.0;1
16400;;;RAINFOREST_RESIN;SEASHELLS;10002.0;1
16600;;;KELP;SEASHELLS;2023.0;1
16700;;;KELP;SEASHELLS;2025.0;1
16700;;;RAINFOREST_RESIN;SEASHELLS;10002.0;1
16800;;;RAINFOREST_RESIN;SEASHELLS;9995.0;5
18200;;;KELP;SEASHELLS;2024.0;4
18200;;;KELP;SEASHELLS;2024.0;1
18500;;;KELP;SEASHELLS;2026.0;1
19000;;;KELP;SEASHELLS;2024.0;10
19300;;;KELP;SEASHELLS;2024.0;1
19300;;;RAINFOREST_RESIN;SEASHELLS;9996.0;1
19700;;;KELP;SEASHELLS;2024.0;1
19700;;;RAINFOREST_RESIN;SEASHELLS;10002.0;1
20100;;;RAINFOREST_RESIN;SEASHELLS;10002.0;4
20100;;;RAINFOREST_RESIN;SEASHELLS;10002.0;1
20200;;;RAINFOREST_RESIN;SEASHELLS;9998.0;1
20300;;;KELP;SEASHELLS;2024.0;1
20400;;;KELP;SEASHELLS;2025.0;4
20500;;;RAINFOREST_RESIN;SEASHELLS;9998.0;1
20700;;;RAINFOREST_RESIN;SEASHELLS;10002.0;1
21200;;;RAINFOREST_RESIN;SEASHELLS;9998.0;1
21300;;;RAINFOREST_RESIN;SEASHELLS;9996.0;1
21300;;;RAINFOREST_RESIN;SEASHELLS;9996.0;7
21700;;;KELP;SEASHELLS;2027.0;8
22100;;;KELP;SEASHELLS;2024.0;1
22200;;;RAINFOREST_RESIN;SEASHELLS;9998.0;6
22400;;;RAINFOREST_RESIN;SEASHELLS;9998.0;1
22500;;;KELP;SEASHELLS;2026.0;11
22700;;;KELP;SEASHELLS;2023.0;1
22800;;;KELP;SEASHELLS;2023.0;1
22800;;;RAINFOREST_RESIN;SEASHELLS;9998.0;2
23200;;;KELP;SEASHELLS;2023.0;2
23200;;;RAINFOREST_RESIN;SEASHELLS;9998.0;2
23300;;;RAINFOREST_RESIN;SEASHELLS;9998.0;1
23500;;;KELP;SEASHELLS;2023.0;1
23700;;;RAINFOREST_RESIN;SEASHELLS;10002.0;1
23900;;;KELP;SEASHELLS;2025.0;1
24100;;;KELP;SEASHELLS;2025.0;1
24100;;;RAINFOREST_RESIN;SEASHELLS;9996.0;1
24100;;;RAINFOREST_RESIN;SEASHELLS;9996.0;7
24500;;;KELP;SEASHELLS;2022.0;2
24500;;;RAINFOREST_RESIN;SEASHELLS;10002.0;1
24600;;;KELP;SEASHELLS;2024.0;5
24600;;;RAINFOREST_RESIN;SEASHELLS;9998.0;2
24900;;;KELP;SEASHELLS;2024.0;4
25100;;;RAINFOREST_RESIN;SEASHELLS;10002.0;1
25200;;;KELP;SEASHELLS;2025.0;1
25200;;;RAINFOREST_RESIN;SEASHELLS;10002.0;1
25200;;;RAINFOREST_RESIN;SEASHELLS;9998.0;3
25200;;;RAINFOREST_RESIN;SEASHELLS;9998.0;5
25300;;;KELP;SEASHELLS;2023.0;1
25700;;;RAINFOREST_RESIN;SEASHELLS;10004.0;2
25800;;;KELP;SEASHELLS;2023.0;1
26000;;;KELP;SEASHELLS;2023.0;7
26300;;;RAINFOREST_RESIN;SEASHELLS;9998.0;1
26400;;;KELP;SEASHELLS;2023.0;1
26600;;;RAINFOREST_RESIN;SEASHELLS;9998.0;1
26900;;;KELP;SEASHELLS;2023.0;1
27300;;;KELP;SEASHELLS;2025.0;1
27600;;;KELP;SEASHELLS;2023.0;1
27600;;;RAINFOREST_RESIN;SEASHELLS;9998.0;4
27700;;;KELP;SEASHELLS;2023.0;5
27800;;;KELP;SEASHELLS;2025.0;1
27900;;;KELP;SEASHELLS;2025.0;1
28200;;;KELP;SEASHELLS;2025.0;5
28200;;;RAINFOREST_RESIN;SEASHELLS;9998.0;2
28400;;;KELP;SEASHELLS;2023.0;1
29000;;;KELP;SEASHELLS;2024.0;1
29000;;;RAINFOREST_RESIN;SEASHELLS;10005.0;8
29300;;;KELP;SEASHELLS;2026.0;2
29300;;;KELP;SEASHELLS;2026.0;10
29400;;;KELP;SEASHELLS;2024.0;1
29400;;;RAINFOREST_RESIN;SEASHELLS;10002.0;1
29700;;;KELP;SEASHELLS;2024.0;1
30000;;;RAINFOREST_RESIN;SEASHELLS;9998.0;1
30000;;;RAINFOREST_RESIN;SEASHELLS;9998.0;3
30200;;;KELP;SEASHELLS;2027.0;10
30300;;;KELP;SEASHELLS;2026.0;1
30600;;;KELP;SEASHELLS;2024.0;1
30600;;;KELP;SEASHELLS;2027.0;1
30600;;;RAINFOREST_RESIN;SEASHELLS;10002.0;1
31300;;;KELP;SEASHELLS;2023.0;13
31600;;;KELP;SEASHELLS;2025.0;1
31900;;;RAINFOREST_RESIN;SEASHELLS;10005.0;2
32400;;;KELP;SEASHELLS;2023.0;1
32500;;;KELP;SEASHELLS;2023.0;1
32600;;;KELP;SEASHELLS;2027.0;2
32600;;;RAINFOREST_RESIN;SEASHELLS;10005.0;2
32600;;;RAINFOREST_RESIN;SEASHELLS;10002.0;1
32800;;;RAINFOREST_RESIN;SEASHELLS;9996.0;2
33000;;;RAINFOREST_RESIN;SEASHELLS;10002.0;6
33100;;;KELP;SEASHELLS;2023.0;1
33200;;;KELP;SEASHELLS;2023.0;1
33200;;;KELP;SEASHELLS;2024.0;10
33500;;;KELP;SEASHELLS;2026.0;1
33500;;;RAINFOREST_RESIN;SEASHELLS;10004.0;1
33600;;;RAINFOREST_RESIN;SEASHELLS;10002.0;6
34000;;;KELP;SEASHELLS;2023.0;1
34100;;;RAINFOREST_RESIN;SEASHELLS;9996.0;1
34100;;;RAINFOREST_RESIN;SEASHELLS;9996.0;2
34200;;;KELP;SEASHELLS;2022.0;9
34300;;;RAINFOREST_RESIN;SEASHELLS;10002.0;1
34600;;;KELP;SEASHELLS;2023.0;1
35000;;;KELP;SEASHELLS;2025.0;1
35000;;;RAINFOREST_RESIN;SEASHELLS;10002.0;1
35100;;;RAINFOREST_RESIN;SEASHELLS;10002.0;3
35300;;;KELP;SEASHELLS;2025.0;1
35300;;;KELP;SEASHELLS;2023.0;8
35400;;;KELP;SEASHELLS;2025.0;1
35400;;;RAINFOREST_RESIN;SEASHELLS;10002.0;3
35800;;;KELP;SEASHELLS;2023.0;2
36100;;;RAINFOREST_RESIN;SEASHELLS;10002.0;1
36200;;;RAINFOREST_RESIN;SEASHELLS;9998.0;1
36400;;;KELP;SEASHELLS;2024.0;1
36500;;;KELP;SEASHELLS;2023.0;2
37300;;;KELP;SEASHELLS;2021.0;1
37500;;;KELP;SEASHELLS;2020.0;1
37500;;;RAINFOREST_RESIN;SEASHELLS;9996.0;1
37800;;;KELP;SEASHELLS;2020.0;1
38400;;;KELP;SEASHELLS;2020.0;6
38500;;;RAINFOREST_RESIN;SEASHELLS;10002.0;1
38600;;;KELP;SEASHELLS;2019.0;1
38600;;;RAINFOREST_RESIN;SEASHELLS;9996.0;1
38800;;;RAINFOREST_RESIN;SEASHELLS;9996.0;1
39200;;;KELP;SEASHELLS;2022.0;1
39200;;;RAINFOREST_RESIN;SEASHELLS;9998.0;1
39400;;;KELP;SEASHELLS;2022.0;1
39400;;;RAINFOREST_RESIN;SEASHELLS;10004.0;1
39500;;;RAINFOREST_RESIN;SEASHELLS;9998.0;1
40500;;;KELP;SEASHELLS;2019.0;1
40900;;;KELP;SEASHELLS;2017.0;1
40900;;;RAINFOREST_RESIN;SEASHELLS;10004.0;2
40900;;;RAINFOREST_RESIN;SEASHELLS;10004.0;1
40900;;;RAINFOREST_RESIN;SEASHELLS;10004.0;8
41000;;;KELP;SEASHELLS;2018.0;1
41100;;;KELP;SEASHELLS;2018.0;2
41100;;;KELP;SEASHELLS;2018.0;1
41500;;;KELP;SEASHELLS;2019.0;5
41700;;;KELP;SEASHELLS;2018.0;1
41900;;;KELP;SEASHELLS;2020.0;1
42000;;;KELP;SEASHELLS;2018.0;1
42000;;;KELP;SEASHELLS;2020.0;5
42300;;;KELP;SEASHELLS;2019.0;7
42400;;;KELP;SEASHELLS;2019.0;1
42500;;;KELP;SEASHELLS;2019.0;1
42500;;;RAINFOREST_RESIN;SEASHELLS;10002.0;3
42500;;;RAINFOREST_RESIN;SEASHELLS;10002.0;1
42600;;;KELP;SEASHELLS;2019.0;2
42600;;;RAINFOREST_RESIN;SEASHELLS;9995.0;2
42900;;;KELP;SEASHELLS;2022.0;2
42900;;;RAINFOREST_RESIN;SEASHELLS;10005.0;2
43500;;;KELP;SEASHELLS;2020.0;1
43900;;;RAINFOREST_RESIN;SEASHELLS;10002.0;4
44500;;;KELP;SEASHELLS;2021.0;1
44800;;;RAINFOREST_RESIN;SEASHELLS;9998.0;1
45000;;;RAINFOREST_RESIN;SEASHELLS;10002.0;1
45400;;;KELP;SEASHELLS;2018.0;1
45500;;;KELP;SEASHELLS;2019.0;3
45800;;;KELP;SEASHELLS;2018.0;1
45900;;;KELP;SEASHELLS;2022.0;2
45900;;;RAINFOREST_RESIN;SEASHELLS;10004.0;1
45900;;;RAINFOREST_RESIN;SEASHELLS;10004.0;1
46600;;;KELP;SEASHELLS;2019.0;2
46600;;;RAINFOREST_RESIN;SEASHELLS;9998.0;2
46900;;;KELP;SEASHELLS;2021.0;1
47100;;;KELP;SEASHELLS;2019.0;4
47100;;;RAINFOREST_RESIN;SEASHELLS;9998.0;1
47500;;;RAINFOREST_RESIN;SEASHELLS;10002.0;4
48100;;;KELP;SEASHELLS;2019.0;1
48100;;;KELP;SEASHELLS;2019.0;1
48100;;;RAINFOREST_RESIN;SEASHELLS;9995.0;2
48600;;;KELP;SEASHELLS;2019.0;1
48600;;;KELP;SEASHELLS;2019.0;1
48600;;;RAINFOREST_RESIN;SEASHELLS;9996.0;1
49000;;;KELP;SEASHELLS;2019.0;1
49200;;;KELP;SEASHELLS;2022.0;11
49300;;;KELP;SEASHELLS;2019.0;1
49400;;;KELP;SEASHELLS;2021.0;9
49500;;;KELP;SEASHELLS;2022.0;6
49600;;;KELP;SEASHELLS;2021.0;1
49800;;;KELP;SEASHELLS;2020.0;5
49900;;;KELP;SEASHELLS;2023.0;2
49900;;;RAINFOREST_RESIN;SEASHELLS;9998.0;6
49900;;;RAINFOREST_RESIN;SEASHELLS;10005.0;2
50400;;;RAINFOREST_RESIN;SEASHELLS;9998.0;1
50600;;;KELP;SEASHELLS;2020.0;2
50600;;;KELP;SEASHELLS;2019.0;1
50600;;;KELP;SEASHELLS;2020.0;6
50600;;;RAINFOREST_RESIN;SEASHELLS;10002.0;1
51300;;;KELP;SEASHELLS;2020.0;13
51600;;;KELP;SEASHELLS;2023.0;2
51600;;;RAINFOREST_RESIN;SEASHELLS;10002.0;1
51600;;;RAINFOREST_RESIN;SEASHELLS;10002.0;1
51700;;;KELP;SEASHELLS;2020.0;4
51700;;;RAINFOREST_RESIN;SEASHELLS;9995.0;11
51900;;;RAINFOREST_RESIN;SEASHELLS;9996.0;1
52100;;;RAINFOREST_RESIN;SEASHELLS;9995.0;8
52300;;;KELP;SEASHELLS;2022.0;1
52300;;;RAINFOREST_RESIN;SEASHELLS;10002.0;1
52700;;;KELP;SEASHELLS;2019.0;1
52900;;;RAINFOREST_RESIN;SEASHELLS;10005.0;6
53900;;;KELP;SEASHELLS;2023.0;2
53900;;;RAINFOREST_RESIN;SEASHELLS;10004.0;2
54100;;;KELP;SEASHELLS;2020.0;1
54100;;;RAINFOREST_RESIN;SEASHELLS;9998.0;1
54300;;;KELP;SEASHELLS;2022.0;1
54300;;;RAINFOREST_RESIN;SEASHELLS;10004.0;2
54300;;;RAINFOREST_RESIN;SEASHELLS;10004.0;1
54600;;;RAINFOREST_RESIN;SEASHELLS;10002.0;3
54700;;;KELP;SEASHELLS;2020.0;4
55000;;;KELP;SEASHELLS;2019.0;1
55100;;;KELP;SEASHELLS;2022.0;2
55100;;;RAINFOREST_RESIN;SEASHELLS;10005.0;2
55200;;;KELP;SEASHELLS;2019.0;2
55200;;;KELP;SEASHELLS;2019.0;3
55700;;;KELP;SEASHELLS;2019.0;1
55700;;;RAINFOREST_RESIN;SEASHELLS;9996.0;1
56700;;;KELP;SEASHELLS;2020.0;2
57200;;;KELP;SEASHELLS;2019.0;1
57200;;;RAINFOREST_RESIN;SEASHELLS;10002.0;2
57500;;;KELP;SEASHELLS;2019.0;5
57800;;;RAINFOREST_RESIN;SEASHELLS;9998.0;1
57900;;;KELP;SEASHELLS;2018.0;2
57900;;;RAINFOREST_RESIN;SEASHELLS;9998.0;1
58000;;;KELP;SEASHELLS;2020.0;1
58000;;;KELP;SEASHELLS;2020.0;11
58000;;;RAINFOREST_RESIN;SEASHELLS;9998.0;4
58100;;;RAINFOREST_RESIN;SEASHELLS;10005.0;3
58400;;;KELP;SEASHELLS;2016.0;15
58600;;;RAINFOREST_RESIN;SEASHELLS;10002.0;1
58800;;;RAINFOREST_RESIN;SEASHELLS;9995.0;12
59100;;;KELP;SEASHELLS;2019.0;1
59100;;;RAINFOREST_RESIN;SEASHELLS;10005.0;1
59300;;;KELP;SEASHELLS;2016.0;1
60000;;;KELP;SEASHELLS;2018.0;1
60000;;;RAINFOREST_RESIN;SEASHELLS;9998.0;2
60000;;;RAINFOREST_RESIN;SEASHELLS;10005.0;1
60200;;;KELP;SEASHELLS;2016.0;1
60200;;;RAINFOREST_RESIN;SEASHELLS;9995.0;8
60700;;;KELP;SEASHELLS;2017.0;1
60800;;;KELP;SEASHELLS;2015.0;1
60900;;;KELP;SEASHELLS;2015.0;3
61200;;;KELP;SEASHELLS;2016.0;2
61700;;;KELP;SEASHELLS;2014.0;1
61900;;;KELP;SEASHELLS;2017.0;2
61900;;;RAINFOREST_RESIN;SEASHELLS;9998.0;1
62000;;;KELP;SEASHELLS;2016.0;1
62200;;;RAINFOREST_RESIN;SEASHELLS;10002.0;4
62300;;;RAINFOREST_RESIN;SEASHELLS;10005.0;2
62800;;;KELP;SEASHELLS;2015.0;1
62900;;;RAINFOREST_RESIN;SEASHELLS;9998.0;4
63000;;;KELP;SEASHELLS;2018.0;1
63100;;;KELP;SEASHELLS;2016.0;1
63400;;;KELP;SEASHELLS;2018.0;5
63600;;;KELP;SEASHELLS;2018.0;1
63800;;;KELP;SEASHELLS;2016.0;1
63900;;;RAINFOREST_RESIN;SEASHELLS;9995.0;12
64000;;;KELP;SEASHELLS;2016.0;1
64000;;;RAINFOREST_RESIN;SEASHELLS;9998.0;1
64200;;;RAINFOREST_RESIN;SEASHELLS;9996.0;1
64200;;;RAINFOREST_RESIN;SEASHELLS;9996.0;2
64400;;;RAINFOREST_RESIN;SEASHELLS;9998.0;4
64500;;;RAINFOREST_RESIN;SEASHELLS;9998.0;1
65000;;;RAINFOREST_RESIN;SEASHELLS;9998.0;1
65100;;;RAINFOREST_RESIN;SEASHELLS;9996.0;2
65100;;;RAINFOREST_RESIN;SEASHELLS;9996.0;1
65300;;;RAINFOREST_RESIN;SEASHELLS;10002.0;2
65400;;;KELP;SEASHELLS;2016.0;3
66000;;;RAINFOREST_RESIN;SEASHELLS;9998.0;1
66300;;;KELP;SEASHELLS;2018.0;1
66900;;;KELP;SEASHELLS;2017.0;1
67100;;;KELP;SEASHELLS;2018.0;9
67200;;;KELP;SEASHELLS;2015.0;1
67300;;;RAINFOREST_RESIN;SEASHELLS;9998.0;5
67500;;;KELP;SEASHELLS;2015.0;1
67600;;;KELP;SEASHELLS;2018.0;12
68000;;;KELP;SEASHELLS;2015.0;6
68100;;;RAINFOREST_RESIN;SEASHELLS;9998.0;2
68200;;;KELP;SEASHELLS;2017.0;1
68300;;;KELP;SEASHELLS;2017.0;1
68600;;;KELP;SEASHELLS;2015.0;1
68900;;;KELP;SEASHELLS;2017.0;1
69100;;;KELP;SEASHELLS;2017.0;1
69100;;;KELP;SEASHELLS;2015.0;8
69100;;;KELP;SEASHELLS;2015.0;1
69200;;;KELP;SEASHELLS;2017.0;2
69200;;;KELP;SEASHELLS;2017.0;1
69300;;;KELP;SEASHELLS;2017.0;1
69300;;;RAINFOREST_RESIN;SEASHELLS;9998.0;1
69600;;;KELP;SEASHELLS;2015.0;1
69700;;;KELP;SEASHELLS;2015.0;2
69700;;;RAINFOREST_RESIN;SEASHELLS;10002.0;1
70100;;;KELP;SEASHELLS;2015.0;1
70300;;;RAINFOREST_RESIN;SEASHELLS;9998.0;2
70600;;;KELP;SEASHELLS;2015.0;2
70600;;;RAINFOREST_RESIN;SEASHELLS;9996.0;1
70800;;;KELP;SEASHELLS;2015.0;1
71200;;;KELP;SEASHELLS;2015.0;1
71200;;;RAINFOREST_RESIN;SEASHELLS;10002.0;1
71500;;;KELP;SEASHELLS;2015.0;3
71500;;;RAINFOREST_RESIN;SEASHELLS;10002.0;3
71700;;;KELP;SEASHELLS;2014.0;8
71900;;;RAINFOREST_RESIN;SEASHELLS;10002.0;1
72000;;;KELP;SEASHELLS;2017.0;1
72400;;;RAINFOREST_RESIN;SEASHELLS;10002.0;1
72500;;;KELP;SEASHELLS;2017.0;1
72500;;;RAINFOREST_RESIN;SEASHELLS;10004.0;1
72900;;;KELP;SEASHELLS;2017.0;1
72900;;;RAINFOREST_RESIN;SEASHELLS;10004.0;1
73000;;;KELP;SEASHELLS;2014.0;1
73000;;;RAINFOREST_RESIN;SEASHELLS;10002.0;1
73100;;;RAINFOREST_RESIN;SEASHELLS;10002.0;1
73900;;;KELP;SEASHELLS;2015.0;5
73900;;;KELP;SEASHELLS;2015.0;3
74000;;;RAINFOREST_RESIN;SEASHELLS;10002.0;1
74300;;;KELP;SEASHELLS;2014.0;1
74900;;;RAINFOREST_RESIN;SEASHELLS;10002.0;1
75000;;;KELP;SEASHELLS;2016.0;1
75000;;;RAINFOREST_RESIN;SEASHELLS;9995.0;9
75000;;;RAINFOREST_RESIN;SEASHELLS;9998.0;1
75500;;;KELP;SEASHELLS;2014.0;2
75500;;;RAINFOREST_RESIN;SEASHELLS;9996.0;2
75600;;;RAINFOREST_RESIN;SEASHELLS;10002.0;1
75900;;;KELP;SEASHELLS;2014.0;6
76100;;;RAINFOREST_RESIN;SEASHELLS;9998.0;1
76200;;;KELP;SEASHELLS;2014.0;14
76900;;;KELP;SEASHELLS;2014.0;2
76900;;;KELP;SEASHELLS;2014.0;3
77000;;;KELP;SEASHELLS;2016.0;2
77000;;;RAINFOREST_RESIN;SEASHELLS;10002.0;2
77100;;;KELP;SEASHELLS;2015.0;2
77200;;;KELP;SEASHELLS;2014.0;1
77200;;;KELP;SEASHELLS;2012.0;10
77600;;;KELP;SEASHELLS;2012.0;3
77600;;;KELP;SEASHELLS;2012.0;7
77900;;;RAINFOREST_RESIN;SEASHELLS;10002.0;3
78100;;;KELP;SEASHELLS;2013.0;1
78100;;;KELP;SEASHELLS;2014.0;3
78100;;;RAINFOREST_RESIN;SEASHELLS;10002.0;1
78500;;;RAINFOREST_RESIN;SEASHELLS;10004.0;1
78500;;;RAINFOREST_RESIN;SEASHELLS;10004.0;10
78700;;;KELP;SEASHELLS;2013.0;2
78800;;;RAINFOREST_RESIN;SEASHELLS;10002.0;1
78900;;;KELP;SEASHELLS;2015.0;1
78900;;;RAINFOREST_RESIN;SEASHELLS;10002.0;1
79000;;;KELP;SEASHELLS;2013.0;3
79100;;;KELP;SEASHELLS;2013.0;1
79200;;;KELP;SEASHELLS;2014.0;5
79200;;;RAINFOREST_RESIN;SEASHELLS;9998.0;3
79400;;;KELP;SEASHELLS;2013.0;1
79600;;;KELP;SEASHELLS;2013.0;13
79900;;;KELP;SEASHELLS;2013.0;1
79900;;;RAINFOREST_RESIN;SEASHELLS;9998.0;3
80900;;;KELP;SEASHELLS;2013.0;1
81100;;;KELP;SEASHELLS;2015.0;1
81400;;;RAINFOREST_RESIN;SEASHELLS;10004.0;1
81800;;;RAINFOREST_RESIN;SEASHELLS;10002.0;1
81900;;;RAINFOREST_RESIN;SEASHELLS;9998.0;1
82500;;;KELP;SEASHELLS;2015.0;1
82600;;;KELP;SEASHELLS;2016.0;1
82600;;;KELP;SEASHELLS;2016.0;3
82800;;;KELP;SEASHELLS;2018.0;1
82800;;;RAINFOREST_RESIN;SEASHELLS;10002.0;1
83100;;;KELP;SEASHELLS;2016.0;1
83100;;;KELP;SEASHELLS;2016.0;3
83100;;;RAINFOREST_RESIN;SEASHELLS;9998.0;1
84100;;;RAINFOREST_RESIN;SEASHELLS;9996.0;1
84100;;;RAINFOREST_RESIN;SEASHELLS;9996.0;8
84200;;;KELP;SEASHELLS;2016.0;1
84200;;;RAINFOREST_RESIN;SEASHELLS;9996.0;2
84200;;;RAINFOREST_RESIN;SEASHELLS;9996.0;1
84300;;;RAINFOREST_RESIN;SEASHELLS;10004.0;2
84500;;;KELP;SEASHELLS;2015.0;1
85100;;;KELP;SEASHELLS;2018.0;14
85100;;;KELP;SEASHELLS;2015.0;13
85800;;;KELP;SEASHELLS;2015.0;1
85900;;;RAINFOREST_RESIN;SEASHELLS;9998.0;1
86100;;;RAINFOREST_RESIN;SEASHELLS;10002.0;1
86200;;;KELP;SEASHELLS;2015.0;3
86700;;;KELP;SEASHELLS;2015.0;1
86700;;;RAINFOREST_RESIN;SEASHELLS;9998.0;1
87200;;;RAINFOREST_RESIN;SEASHELLS;9996.0;1
87400;;;KELP;SEASHELLS;2015.0;1
87700;;;KELP;SEASHELLS;2013.0;1
87900;;;KELP;SEASHELLS;2017.0;1
87900;;;RAINFOREST_RESIN;SEASHELLS;10005.0;1
88000;;;KELP;SEASHELLS;2013.0;2
88000;;;RAINFOREST_RESIN;SEASHELLS;9996.0;2
88100;;;KELP;SEASHELLS;2017.0;8
88300;;;KELP;SEASHELLS;2014.0;1
88500;;;KELP;SEASHELLS;2016.0;1
88900;;;KELP;SEASHELLS;2014.0;1
89100;;;KELP;SEASHELLS;2014.0;1
89100;;;RAINFOREST_RESIN;SEASHELLS;9998.0;1
89200;;;RAINFOREST_RESIN;SEASHELLS;10002.0;1
89600;;;KELP;SEASHELLS;2016.0;6
89600;;;KELP;SEASHELLS;2016.0;2
89600;;;RAINFOREST_RESIN;SEASHELLS;9996.0;1
89800;;;KELP;SEASHELLS;2014.0;1
89900;;;KELP;SEASHELLS;2014.0;2
89900;;;RAINFOREST_RESIN;SEASHELLS;9995.0;2
90000;;;RAINFOREST_RESIN;SEASHELLS;9998.0;1
90000;;;RAINFOREST_RESIN;SEASHELLS;9998.0;1
90100;;;RAINFOREST_RESIN;SEASHELLS;10002.0;3
90300;;;RAINFOREST_RESIN;SEASHELLS;9998.0;1
90900;;;KELP;SEASHELLS;2017.0;1
91000;;;KELP;SEASHELLS;2017.0;1
91100;;;KELP;SEASHELLS;2015.0;1
91100;;;RAINFOREST_RESIN;SEASHELLS;9996.0;1
91200;;;KELP;SEASHELLS;2015.0;1
91200;;;RAINFOREST_RESIN;SEASHELLS;9995.0;1
91500;;;KELP;SEASHELLS;2015.0;15
91700;;;RAINFOREST_RESIN;SEASHELLS;9998.0;1
92100;;;RAINFOREST_RESIN;SEASHELLS;9998.0;1
92200;;;KELP;SEASHELLS;2015.0;8
92200;;;KELP;SEASHELLS;2015.0;2
92200;;;RAINFOREST_RESIN;SEASHELLS;9996.0;1
92200;;;RAINFOREST_RESIN;SEASHELLS;9996.0;1
92300;;;KELP;SEASHELLS;2018.0;12
92700;;;KELP;SEASHELLS;2015.0;1
92700;;;KELP;SEASHELLS;2016.0;1
92700;;;RAINFOREST_RESIN;SEASHELLS;10002.0;2
92700;;;RAINFOREST_RESIN;SEASHELLS;10002.0;1
92900;;;KELP;SEASHELLS;2016.0;1
92900;;;RAINFOREST_RESIN;SEASHELLS;9998.0;1
93200;;;KELP;SEASHELLS;2019.0;1
93300;;;KELP;SEASHELLS;2019.0;1
93400;;;RAINFOREST_RESIN;SEASHELLS;9998.0;3
93600;;;KELP;SEASHELLS;2023.0;1
93600;;;RAINFOREST_RESIN;SEASHELLS;10004.0;1
93800;;;RAINFOREST_RESIN;SEASHELLS;9998.0;1
94200;;;RAINFOREST_RESIN;SEASHELLS;10002.0;1
94300;;;RAINFOREST_RESIN;SEASHELLS;10002.0;1
94400;;;KELP;SEASHELLS;2023.0;1
94400;;;RAINFOREST_RESIN;SEASHELLS;10005.0;1
94600;;;RAINFOREST_RESIN;SEASHELLS;9998.0;1
94900;;;KELP;SEASHELLS;2023.0;6
95000;;;KELP;SEASHELLS;2023.0;1
95000;;;RAINFOREST_RESIN;SEASHELLS;10004.0;1
95000;;;RAINFOREST_RESIN;SEASHELLS;10005.0;1
95600;;;KELP;SEASHELLS;2018.0;1
95700;;;RAINFOREST_RESIN;SEASHELLS;10002.0;1
95800;;;RAINFOREST_RESIN;SEASHELLS;10005.0;7
96000;;;KELP;SEASHELLS;2016.0;2
96000;;;RAINFOREST_RESIN;SEASHELLS;9996.0;1
96200;;;KELP;SEASHELLS;2017.0;1
96200;;;RAINFOREST_RESIN;SEASHELLS;9998.0;5
96300;;;KELP;SEASHELLS;2016.0;1
96800;;;RAINFOREST_RESIN;SEASHELLS;10002.0;3
96900;;;KELP;SEASHELLS;2018.0;14
97100;;;KELP;SEASHELLS;2018.0;1
97100;;;RAINFOREST_RESIN;SEASHELLS;9995.0;1
97200;;;KELP;SEASHELLS;2018.0;10
97200;;;KELP;SEASHELLS;2019.0;3
97300;;;KELP;SEASHELLS;2018.0;1
97600;;;RAINFOREST_RESIN;SEASHELLS;10002.0;7
97700;;;KELP;SEASHELLS;2021.0;1
97900;;;KELP;SEASHELLS;2018.0;1
98400;;;KELP;SEASHELLS;2020.0;7
98800;;;KELP;SEASHELLS;2020.0;1
98800;;;RAINFOREST_RESIN;SEASHELLS;10002.0;1
98900;;;KELP;SEASHELLS;2021.0;15
99000;;;KELP;SEASHELLS;2018.0;1
99400;;;KELP;SEASHELLS;2022.0;2
99400;;;RAINFOREST_RESIN;SEASHELLS;10005.0;2
99800;;;KELP;SEASHELLS;2022.0;4
99900;;;KELP;SEASHELLS;2018.0;1
100000;;;KELP;SEASHELLS;2020.0;1
100000;;;RAINFOREST_RESIN;SEASHELLS;10004.0;1
100200;;;RAINFOREST_RESIN;SEASHELLS;9998.0;1
100500;;;RAINFOREST_RESIN;SEASHELLS;9995.0;8
100700;;;RAINFOREST_RESIN;SEASHELLS;10002.0;1
100900;;;KELP;SEASHELLS;2018.0;8
101200;;;KELP;SEASHELLS;2019.0;1
101200;;;KELP;SEASHELLS;2022.0;15
101200;;;KELP;SEASHELLS;2022.0;2
101200;;;RAINFOREST_RESIN;SEASHELLS;10005.0;2
101500;;;KELP;SEASHELLS;2019.0;1
101500;;;KELP;SEASHELLS;2022.0;2
101500;;;RAINFOREST_RESIN;SEASHELLS;9998.0;3
101500;;;RAINFOREST_RESIN;SEASHELLS;10004.0;2
101600;;;KELP;SEASHELLS;2019.0;5
101600;;;KELP;SEASHELLS;2019.0;1
102200;;;KELP;SEASHELLS;2021.0;1
102200;;;KELP;SEASHELLS;2021.0;2
102200;;;RAINFOREST_RESIN;SEASHELLS;10005.0;2
102300;;;RAINFOREST_RESIN;SEASHELLS;9998.0;4
102600;;;KELP;SEASHELLS;2019.0;2
102600;;;RAINFOREST_RESIN;SEASHELLS;9998.0;2
102600;;;RAINFOREST_RESIN;SEASHELLS;9998.0;1
102700;;;RAINFOREST_RESIN;SEASHELLS;10005.0;6
103400;;;RAINFOREST_RESIN;SEASHELLS;10002.0;1
104200;;;KELP;SEASHELLS;2019.0;1
104300;;;KELP;SEASHELLS;2019.0;1
104700;;;RAINFOREST_RESIN;SEASHELLS;10002.0;1
104900;;;KELP;SEASHELLS;2021.0;1
104900;;;RAINFOREST_RESIN;SEASHELLS;10004.0;1
105200;;;KELP;SEASHELLS;2018.0;1
105400;;;RAINFOREST_RESIN;SEASHELLS;10002.0;1
105700;;;KELP;SEASHELLS;2020.0;1
106000;;;KELP;SEASHELLS;2018.0;4
106100;;;RAINFOREST_RESIN;SEASHELLS;9996.0;2
106100;;;RAINFOREST_RESIN;SEASHELLS;9996.0;5
106200;;;KELP;SEASHELLS;2021.0;13
106300;;;KELP;SEASHELLS;2018.0;1
106300;;;KELP;SEASHELLS;2018.0;4
106300;;;KELP;SEASHELLS;2018.0;4
106300;;;RAINFOREST_RESIN;SEASHELLS;9998.0;1
106500;;;RAINFOREST_RESIN;SEASHELLS;10005.0;10
106600;;;RAINFOREST_RESIN;SEASHELLS;9998.0;2
107400;;;KELP;SEASHELLS;2019.0;1
107400;;;RAINFOREST_RESIN;SEASHELLS;9995.0;1
107600;;;KELP;SEASHELLS;2020.0;1
108100;;;RAINFOREST_RESIN;SEASHELLS;9998.0;1
108400;;;KELP;SEASHELLS;2019.0;1
108500;;;KELP;SEASHELLS;2017.0;1
108600;;;RAINFOREST_RESIN;SEASHELLS;9998.0;3
108600;;;RAINFOREST_RESIN;SEASHELLS;9998.0;1
109000;;;KELP;SEASHELLS;2017.0;1
109100;;;KELP;SEASHELLS;2017.0;1
109300;;;KELP;SEASHELLS;2017.0;1
109300;;;KELP;SEASHELLS;2020.0;11
109700;;;KELP;SEASHELLS;2018.0;1
110000;;;RAINFOREST_RESIN;SEASHELLS;9996.0;1
110100;;;KELP;SEASHELLS;2018.0;1
110400;;;KELP;SEASHELLS;2018.0;7
110400;;;RAINFOREST_RESIN;SEASHELLS;10005.0;10
111000;;;KELP;SEASHELLS;2021.0;1
111000;;;RAINFOREST_RESIN;SEASHELLS;9998.0;1
111100;;;KELP;SEASHELLS;2022.0;15
111100;;;RAINFOREST_RESIN;SEASHELLS;9998.0;4
111300;;;KELP;SEASHELLS;2019.0;1
111700;;;KELP;SEASHELLS;2019.0;1
112100;;;RAINFOREST_RESIN;SEASHELLS;9998.0;5
113000;;;RAINFOREST_RESIN;SEASHELLS;10002.0;6
113300;;;KELP;SEASHELLS;2018.0;5
113700;;;KELP;SEASHELLS;2018.0;1
113700;;;KELP;SEASHELLS;2018.0;6
113700;;;KELP;SEASHELLS;2018.0;6
113800;;;KELP;SEASHELLS;2021.0;13
113800;;;KELP;SEASHELLS;2017.0;2
113800;;;RAINFOREST_RESIN;SEASHELLS;10002.0;1
114100;;;KELP;SEASHELLS;2020.0;1
114400;;;RAINFOREST_RESIN;SEASHELLS;10002.0;2
114800;;;KELP;SEASHELLS;2021.0;15
115300;;;RAINFOREST_RESIN;SEASHELLS;9998.0;1
115700;;;KELP;SEASHELLS;2020.0;1
116000;;;KELP;SEASHELLS;2018.0;1
116000;;;KELP;SEASHELLS;2021.0;10
116200;;;KELP;SEASHELLS;2018.0;1
116200;;;RAINFOREST_RESIN;SEASHELLS;9995.0;1
116800;;;RAINFOREST_RESIN;SEASHELLS;10002.0;3
116900;;;RAINFOREST_RESIN;SEASHELLS;9996.0;1
116900;;;RAINFOREST_RESIN;SEASHELLS;9996.0;7
117500;;;KELP;SEASHELLS;2018.0;2
117700;;;KELP;SEASHELLS;2018.0;1
118100;;;RAINFOREST_RESIN;SEASHELLS;10002.0;1
118200;;;KELP;SEASHELLS;2017.0;1
118300;;;KELP;SEASHELLS;2018.0;1
118700;;;KELP;SEASHELLS;2017.0;10
119100;;;KELP;SEASHELLS;2019.0;2
119300;;;RAINFOREST_RESIN;SEASHELLS;9998.0;1
119600;;;KELP;SEASHELLS;2017.0;1
119800;;;KELP;SEASHELLS;2019.0;1
119800;;;KELP;SEASHELLS;2018.0;1
119800;;;RAINFOREST_RESIN;SEASHELLS;10000.0;1
119900;;;KELP;SEASHELLS;2017.0;1
120000;;;RAINFOREST_RESIN;SEASHELLS;10002.0;1
120300;;;KELP;SEASHELLS;2015.0;2
120300;;;RAINFOREST_RESIN;SEASHELLS;9996.0;2
120400;;;KELP;SEASHELLS;2015.0;2
120500;;;KELP;SEASHELLS;2015.0;3
120500;;;KELP;SEASHELLS;2015.0;5
120500;;;KELP;SEASHELLS;2015.0;1
120500;;;KELP;SEASHELLS;2015.0;4
120500;;;RAINFOREST_RESIN;SEASHELLS;10002.0;1
120600;;;KELP;SEASHELLS;2014.0;1
121100;;;KELP;SEASHELLS;2013.0;1
121500;;;KELP;SEASHELLS;2015.0;1
121500;;;RAINFOREST_RESIN;SEASHELLS;10002.0;1
121800;;;RAINFOREST_RESIN;SEASHELLS;10002.0;1
121900;;;KELP;SEASHELLS;2015.0;1
122300;;;KELP;SEASHELLS;2013.0;3
122300;;;KELP;SEASHELLS;2013.0;2
122600;;;KELP;SEASHELLS;2013.0;1
122800;;;KELP;SEASHELLS;2013.0;6
122900;;;KELP;SEASHELLS;2013.0;1
123000;;;KELP;SEASHELLS;2010.0;1
123000;;;RAINFOREST_RESIN;SEASHELLS;9998.0;1
123200;;;KELP;SEASHELLS;2012.0;4
123200;;;KELP;SEASHELLS;2014.0;1
123500;;;KELP;SEASHELLS;2013.0;15
123600;;;KELP;SEASHELLS;2010.0;7
123700;;;RAINFOREST_RESIN;SEASHELLS;10002.0;6
123800;;;KELP;SEASHELLS;2013.0;1
123800;;;RAINFOREST_RESIN;SEASHELLS;9998.0;1
124000;;;KELP;SEASHELLS;2014.0;2
124000;;;RAINFOREST_RESIN;SEASHELLS;10005.0;2
124500;;;KELP;SEASHELLS;2011.0;3
124600;;;KELP;SEASHELLS;2013.0;1
125200;;;RAINFOREST_RESIN;SEASHELLS;10002.0;4
125300;;;KELP;SEASHELLS;2012.0;1
125400;;;RAINFOREST_RESIN;SEASHELLS;9998.0;1
125400;;;RAINFOREST_RESIN;SEASHELLS;9998.0;1
125900;;;KELP;SEASHELLS;2014.0;6
126300;;;KELP;SEASHELLS;2013.0;2
126300;;;RAINFOREST_RESIN;SEASHELLS;9995.0;2
126400;;;KELP;SEASHELLS;2013.0;1
126400;;;KELP;SEASHELLS;2013.0;2
126400;;;RAINFOREST_RESIN;SEASHELLS;9995.0;2
126700;;;RAINFOREST_RESIN;SEASHELLS;10002.0;2
127000;;;KELP;SEASHELLS;2014.0;2
127000;;;RAINFOREST_RESIN;SEASHELLS;9995.0;2
127400;;;KELP;SEASHELLS;2016.0;2
127400;;;RAINFOREST_RESIN;SEASHELLS;10005.0;2
127500;;;KELP;SEASHELLS;2014.0;1
127900;;;RAINFOREST_RESIN;SEASHELLS;10004.0;2
127900;;;RAINFOREST_RESIN;SEASHELLS;10004.0;7
128200;;;RAINFOREST_RESIN;SEASHELLS;10002.0;1
128400;;;KELP;SEASHELLS;2013.0;1
128400;;;KELP;SEASHELLS;2014.0;2
128400;;;RAINFOREST_RESIN;SEASHELLS;9996.0;1
128700;;;RAINFOREST_RESIN;SEASHELLS;10005.0;6
128900;;;KELP;SEASHELLS;2015.0;1
128900;;;RAINFOREST_RESIN;SEASHELLS;10002.0;2
129600;;;KELP;SEASHELLS;2014.0;1
129700;;;KELP;SEASHELLS;2015.0;3
130300;;;RAINFOREST_RESIN;SEASHELLS;10002.0;1
130700;;;KELP;SEASHELLS;2016.0;1
130900;;;KELP;SEASHELLS;2014.0;2
131000;;;KELP;SEASHELLS;2016.0;1
131700;;;KELP;SEASHELLS;2013.0;9
131800;;;KELP;SEASHELLS;2014.0;4
131800;;;KELP;SEASHELLS;2014.0;1
131800;;;KELP;SEASHELLS;2014.0;12
132100;;;RAINFOREST_RESIN;SEASHELLS;9998.0;1
132100;;;RAINFOREST_RESIN;SEASHELLS;9998.0;3
132300;;;RAINFOREST_RESIN;SEASHELLS;10002.0;4
132400;;;KELP;SEASHELLS;2016.0;1
132400;;;RAINFOREST_RESIN;SEASHELLS;10004.0;1
132500;;;KELP;SEASHELLS;2013.0;14
132500;;;KELP;SEASHELLS;2013.0;1
132500;;;RAINFOREST_RESIN;SEASHELLS;9998.0;1
133000;;;KELP;SEASHELLS;2013.0;13
133100;;;RAINFOREST_RESIN;SEASHELLS;10004.0;1
133100;;;RAINFOREST_RESIN;SEASHELLS;10004.0;4
133100;;;RAINFOREST_RESIN;SEASHELLS;10002.0;5
133200;;;RAINFOREST_RESIN;SEASHELLS;9996.0;1
133400;;;KELP;SEASHELLS;2013.0;1
133400;;;RAINFOREST_RESIN;SEASHELLS;9998.0;2
133500;;;KELP;SEASHELLS;2015.0;1
133700;;;KELP;SEASHELLS;2013.0;1
134000;;;KELP;SEASHELLS;2015.0;1
134000;;;KELP;SEASHELLS;2014.0;2
134100;;;RAINFOREST_RESIN;SEASHELLS;9998.0;2
134200;;;RAINFOREST_RESIN;SEASHELLS;10002.0;1
134300;;;RAINFOREST_RESIN;SEASHELLS;10002.0;1
134600;;;RAINFOREST_RESIN;SEASHELLS;10004.0;1
134600;;;RAINFOREST_RESIN;SEASHELLS;10004.0;1
134700;;;RAINFOREST_RESIN;SEASHELLS;10004.0;1
134700;;;RAINFOREST_RESIN;SEASHELLS;10004.0;1
134700;;;RAINFOREST_RESIN;SEASHELLS;10002.0;4
134900;;;RAINFOREST_RESIN;SEASHELLS;9998.0;1
134900;;;RAINFOREST_RESIN;SEASHELLS;9998.0;1
135400;;;KELP;SEASHELLS;2013.0;9
135500;;;KELP;SEASHELLS;2015.0;1
135600;;;RAINFOREST_RESIN;SEASHELLS;10002.0;1
135900;;;KELP;SEASHELLS;2017.0;2
135900;;;RAINFOREST_RESIN;SEASHELLS;10005.0;2
136000;;;RAINFOREST_RESIN;SEASHELLS;9998.0;1
136300;;;RAINFOREST_RESIN;SEASHELLS;10002.0;1
136500;;;KELP;SEASHELLS;2014.0;1
136500;;;KELP;SEASHELLS;2014.0;1
136500;;;RAINFOREST_RESIN;SEASHELLS;10004.0;2
137000;;;RAINFOREST_RESIN;SEASHELLS;9996.0;1
137100;;;RAINFOREST_RESIN;SEASHELLS;10002.0;3
137400;;;RAINFOREST_RESIN;SEASHELLS;10002.0;3
137600;;;KELP;SEASHELLS;2015.0;1
137700;;;KELP;SEASHELLS;2014.0;3
137700;;;RAINFOREST_RESIN;SEASHELLS;9998.0;2
137900;;;KELP;SEASHELLS;2016.0;1
137900;;;RAINFOREST_RESIN;SEASHELLS;10004.0;1
138100;;;RAINFOREST_RESIN;SEASHELLS;9996.0;2
138100;;;RAINFOREST_RESIN;SEASHELLS;9996.0;7
138300;;;RAINFOREST_RESIN;SEASHELLS;9995.0;7
138500;;;KELP;SEASHELLS;2013.0;1
138500;;;KELP;SEASHELLS;2016.0;13
138600;;;KELP;SEASHELLS;2013.0;1
138600;;;KELP;SEASHELLS;2014.0;2
138900;;;KELP;SEASHELLS;2013.0;10
139000;;;KELP;SEASHELLS;2013.0;1
139400;;;KELP;SEASHELLS;2014.0;1
139400;;;KELP;SEASHELLS;2017.0;2
139400;;;RAINFOREST_RESIN;SEASHELLS;10004.0;1
139400;;;RAINFOREST_RESIN;SEASHELLS;10004.0;1
139400;;;RAINFOREST_RESIN;SEASHELLS;10002.0;5
139600;;;RAINFOREST_RESIN;SEASHELLS;9998.0;1
139700;;;KELP;SEASHELLS;2014.0;4
139700;;;KELP;SEASHELLS;2014.0;1
140100;;;KELP;SEASHELLS;2013.0;1
140600;;;KELP;SEASHELLS;2012.0;1
141600;;;RAINFOREST_RESIN;SEASHELLS;10002.0;1
142600;;;KELP;SEASHELLS;2013.0;1
142800;;;RAINFOREST_RESIN;SEASHELLS;9998.0;2
143100;;;KELP;SEASHELLS;2014.0;1
143100;;;RAINFOREST_RESIN;SEASHELLS;10002.0;1
143600;;;KELP;SEASHELLS;2013.0;1
143600;;;RAINFOREST_RESIN;SEASHELLS;9995.0;1
144000;;;KELP;SEASHELLS;2016.0;1
144200;;;KELP;SEASHELLS;2015.0;1
144600;;;RAINFOREST_RESIN;SEASHELLS;10002.0;2
145000;;;KELP;SEASHELLS;2012.0;1
145000;;;RAINFOREST_RESIN;SEASHELLS;9998.0;1
145300;;;RAINFOREST_RESIN;SEASHELLS;9998.0;3
145400;;;KELP;SEASHELLS;2012.0;1
145400;;;RAINFOREST_RESIN;SEASHELLS;9998.0;1
145500;;;KELP;SEASHELLS;2015.0;1
145500;;;RAINFOREST_RESIN;SEASHELLS;10002.0;1
145700;;;RAINFOREST_RESIN;SEASHELLS;10004.0;2
145700;;;RAINFOREST_RESIN;SEASHELLS;10004.0;8
146000;;;KELP;SEASHELLS;2012.0;6
146300;;;KELP;SEASHELLS;2012.0;15
146300;;;RAINFOREST_RESIN;SEASHELLS;9998.0;1
146400;;;KELP;SEASHELLS;2012.0;9
146500;;;KELP;SEASHELLS;2014.0;1
146500;;;RAINFOREST_RESIN;SEASHELLS;10005.0;1
146600;;;RAINFOREST_RESIN;SEASHELLS;10000.0;4
146900;;;KELP;SEASHELLS;2013.0;1
147200;;;KELP;SEASHELLS;2016.0;14
147600;;;KELP;SEASHELLS;2012.0;1
147700;;;RAINFOREST_RESIN;SEASHELLS;10002.0;1
147800;;;KELP;SEASHELLS;2014.0;1
148000;;;KELP;SEASHELLS;2015.0;9
148200;;;KELP;SEASHELLS;2013.0;1
148700;;;KELP;SEASHELLS;2013.0;1
148700;;;KELP;SEASHELLS;2016.0;2
148700;;;RAINFOREST_RESIN;SEASHELLS;10005.0;2
149500;;;KELP;SEASHELLS;2015.0;1
149700;;;KELP;SEASHELLS;2016.0;5
149800;;;KELP;SEASHELLS;2015.0;1
149800;;;RAINFOREST_RESIN;SEASHELLS;10002.0;2
149800;;;RAINFOREST_RESIN;SEASHELLS;10002.0;3
149900;;;KELP;SEASHELLS;2013.0;5
150000;;;RAINFOREST_RESIN;SEASHELLS;9996.0;1
150200;;;RAINFOREST_RESIN;SEASHELLS;9998.0;1
150400;;;KELP;SEASHELLS;2013.0;1
150500;;;RAINFOREST_RESIN;SEASHELLS;10002.0;1
150600;;;KELP;SEASHELLS;2013.0;1
151500;;;KELP;SEASHELLS;2014.0;1
151600;;;RAINFOREST_RESIN;SEASHELLS;10002.0;3
152200;;;KELP;SEASHELLS;2014.0;5
152300;;;KELP;SEASHELLS;2017.0;9
152300;;;KELP;SEASHELLS;2017.0;2
152300;;;RAINFOREST_RESIN;SEASHELLS;10004.0;2
152600;;;KELP;SEASHELLS;2013.0;1
153000;;;RAINFOREST_RESIN;SEASHELLS;9995.0;3
153300;;;KELP;SEASHELLS;2017.0;14
153500;;;KELP;SEASHELLS;2017.0;1
153500;;;RAINFOREST_RESIN;SEASHELLS;9998.0;1
153600;;;KELP;SEASHELLS;2017.0;14
154300;;;KELP;SEASHELLS;2015.0;6
154300;;;KELP;SEASHELLS;2015.0;2
154300;;;RAINFOREST_RESIN;SEASHELLS;9996.0;1
154700;;;KELP;SEASHELLS;2019.0;11
154800;;;RAINFOREST_RESIN;SEASHELLS;10002.0;1
154900;;;KELP;SEASHELLS;2015.0;15
155100;;;KELP;SEASHELLS;2015.0;1
155200;;;RAINFOREST_RESIN;SEASHELLS;10002.0;1
155500;;;RAINFOREST_RESIN;SEASHELLS;9998.0;1
155700;;;KELP;SEASHELLS;2016.0;1
155700;;;RAINFOREST_RESIN;SEASHELLS;10005.0;1
156200;;;KELP;SEASHELLS;2014.0;7
156500;;;RAINFOREST_RESIN;SEASHELLS;10002.0;3
156600;;;KELP;SEASHELLS;2015.0;1
156600;;;KELP;SEASHELLS;2015.0;2
156600;;;RAINFOREST_RESIN;SEASHELLS;9996.0;1
156600;;;RAINFOREST_RESIN;SEASHELLS;9996.0;1
156900;;;KELP;SEASHELLS;2015.0;1
157000;;;KELP;SEASHELLS;2015.0;1
157300;;;KELP;SEASHELLS;2015.0;4
157400;;;KELP;SEASHELLS;2014.0;9
157400;;;RAINFOREST_RESIN;SEASHELLS;10002.0;10
157500;;;KELP;SEASHELLS;2014.0;1
157700;;;KELP;SEASHELLS;2016.0;1
158100;;;KELP;SEASHELLS;2014.0;1
158200;;;RAINFOREST_RESIN;SEASHELLS;10002.0;1
158300;;;RAINFOREST_RESIN;SEASHELLS;9998.0;7
158800;;;KELP;SEASHELLS;2016.0;1
159200;;;RAINFOREST_RESIN;SEASHELLS;9995.0;9
159300;;;KELP;SEASHELLS;2014.0;1
160000;;;KELP;SEASHELLS;2018.0;2
160000;;;RAINFOREST_RESIN;SEASHELLS;10004.0;2
160300;;;RAINFOREST_RESIN;SEASHELLS;9998.0;1
160400;;;KELP;SEASHELLS;2017.0;1
160400;;;RAINFOREST_RESIN;SEASHELLS;9998.0;1
160500;;;KELP;SEASHELLS;2018.0;13
160600;;;RAINFOREST_RESIN;SEASHELLS;10002.0;1
161000;;;KELP;SEASHELLS;2015.0;8
161600;;;RAINFOREST_RESIN;SEASHELLS;9998.0;1
162400;;;KELP;SEASHELLS;2015.0;4
162600;;;KELP;SEASHELLS;2018.0;1
162900;;;RAINFOREST_RESIN;SEASHELLS;9995.0;4
163500;;;KELP;SEASHELLS;2016.0;2
163500;;;KELP;SEASHELLS;2016.0;2
163500;;;RAINFOREST_RESIN;SEASHELLS;10002.0;3
163800;;;KELP;SEASHELLS;2015.0;1
163800;;;KELP;SEASHELLS;2018.0;13
163900;;;KELP;SEASHELLS;2015.0;2
163900;;;RAINFOREST_RESIN;SEASHELLS;9996.0;1
164600;;;KELP;SEASHELLS;2018.0;1
164800;;;RAINFOREST_RESIN;SEASHELLS;10004.0;2
164800;;;RAINFOREST_RESIN;SEASHELLS;10004.0;6
165100;;;KELP;SEASHELLS;2018.0;1
165200;;;KELP;SEASHELLS;2017.0;6
166000;;;KELP;SEASHELLS;2019.0;1
166400;;;RAINFOREST_RESIN;SEASHELLS;9998.0;1
167000;;;KELP;SEASHELLS;2017.0;5
167100;;;RAINFOREST_RESIN;SEASHELLS;9996.0;1
167300;;;KELP;SEASHELLS;2016.0;11
167800;;;KELP;SEASHELLS;2019.0;1
167800;;;RAINFOREST_RESIN;SEASHELLS;9998.0;1
167900;;;RAINFOREST_RESIN;SEASHELLS;9998.0;1
168000;;;RAINFOREST_RESIN;SEASHELLS;10005.0;8
169000;;;KELP;SEASHELLS;2019.0;3
169900;;;KELP;SEASHELLS;2017.0;1
170200;;;KELP;SEASHELLS;2017.0;1
170200;;;RAINFOREST_RESIN;SEASHELLS;10002.0;3
171000;;;KELP;SEASHELLS;2019.0;3
171100;;;RAINFOREST_RESIN;SEASHELLS;10002.0;1
171400;;;RAINFOREST_RESIN;SEASHELLS;10002.0;5
171600;;;KELP;SEASHELLS;2018.0;4
171900;;;KELP;SEASHELLS;2017.0;1
171900;;;RAINFOREST_RESIN;SEASHELLS;10002.0;1
172100;;;RAINFOREST_RESIN;SEASHELLS;10002.0;1
172600;;;KELP;SEASHELLS;2017.0;2
172600;;;RAINFOREST_RESIN;SEASHELLS;9996.0;1
172700;;;RAINFOREST_RESIN;SEASHELLS;9998.0;3
173300;;;KELP;SEASHELLS;2017.0;2
173400;;;KELP;SEASHELLS;2017.0;2
173400;;;RAINFOREST_RESIN;SEASHELLS;10002.0;1
173400;;;RAINFOREST_RESIN;SEASHELLS;9996.0;1
173500;;;RAINFOREST_RESIN;SEASHELLS;9998.0;3
173800;;;KELP;SEASHELLS;2020.0;1
173900;;;RAINFOREST_RESIN;SEASHELLS;10005.0;9
174000;;;KELP;SEASHELLS;2017.0;1
174000;;;RAINFOREST_RESIN;SEASHELLS;9998.0;1
174300;;;RAINFOREST_RESIN;SEASHELLS;10002.0;1
174400;;;KELP;SEASHELLS;2017.0;1
175800;;;KELP;SEASHELLS;2020.0;1
175800;;;RAINFOREST_RESIN;SEASHELLS;10004.0;1
176000;;;KELP;SEASHELLS;2017.0;1
176000;;;KELP;SEASHELLS;2017.0;1
176000;;;RAINFOREST_RESIN;SEASHELLS;10002.0;1
176100;;;KELP;SEASHELLS;2021.0;2
176100;;;RAINFOREST_RESIN;SEASHELLS;10004.0;1
176100;;;RAINFOREST_RESIN;SEASHELLS;10004.0;1
176600;;;KELP;SEASHELLS;2018.0;1
176900;;;KELP;SEASHELLS;2018.0;5
177400;;;KELP;SEASHELLS;2018.0;1
177600;;;RAINFOREST_RESIN;SEASHELLS;9998.0;1
177700;;;KELP;SEASHELLS;2018.0;1
177700;;;RAINFOREST_RESIN;SEASHELLS;9996.0;1
177900;;;KELP;SEASHELLS;2018.0;14
178000;;;RAINFOREST_RESIN;SEASHELLS;9998.0;1
178700;;;KELP;SEASHELLS;2018.0;1
178800;;;KELP;SEASHELLS;2021.0;5
178900;;;KELP;SEASHELLS;2018.0;1
179000;;;KELP;SEASHELLS;2021.0;2
179000;;;RAINFOREST_RESIN;SEASHELLS;10004.0;1
179100;;;KELP;SEASHELLS;2018.0;1
179300;;;RAINFOREST_RESIN;SEASHELLS;9998.0;2
179600;;;RAINFOREST_RESIN;SEASHELLS;9998.0;4
179800;;;RAINFOREST_RESIN;SEASHELLS;9995.0;8
179900;;;RAINFOREST_RESIN;SEASHELLS;9996.0;2
180000;;;KELP;SEASHELLS;2020.0;11
180100;;;RAINFOREST_RESIN;SEASHELLS;9998.0;3
180300;;;RAINFOREST_RESIN;SEASHELLS;9998.0;4
180500;;;KELP;SEASHELLS;2020.0;6
180500;;;RAINFOREST_RESIN;SEASHELLS;10002.0;3
180800;;;RAINFOREST_RESIN;SEASHELLS;10002.0;1
180900;;;KELP;SEASHELLS;2021.0;11
180900;;;RAINFOREST_RESIN;SEASHELLS;9998.0;1
181000;;;KELP;SEASHELLS;2020.0;1
181400;;;KELP;SEASHELLS;2021.0;2
181400;;;RAINFOREST_RESIN;SEASHELLS;10002.0;1
181500;;;KELP;SEASHELLS;2018.0;1
181500;;;KELP;SEASHELLS;2018.0;2
181500;;;RAINFOREST_RESIN;SEASHELLS;9998.0;2
181600;;;KELP;SEASHELLS;2018.0;2
181700;;;KELP;SEASHELLS;2021.0;14
181800;;;KELP;SEASHELLS;2018.0;1
181900;;;RAINFOREST_RESIN;SEASHELLS;10002.0;1
182000;;;RAINFOREST_RESIN;SEASHELLS;10002.0;1
182100;;;KELP;SEASHELLS;2018.0;2
182200;;;KELP;SEASHELLS;2020.0;1
182300;;;RAINFOREST_RESIN;SEASHELLS;9996.0;1
182500;;;RAINFOREST_RESIN;SEASHELLS;10002.0;4
183100;;;KELP;SEASHELLS;2022.0;1
183100;;;RAINFOREST_RESIN;SEASHELLS;10004.0;1
183200;;;KELP;SEASHELLS;2019.0;9
183500;;;KELP;SEASHELLS;2022.0;1
183700;;;KELP;SEASHELLS;2023.0;8
183900;;;RAINFOREST_RESIN;SEASHELLS;9995.0;6
184000;;;KELP;SEASHELLS;2019.0;13
184100;;;KELP;SEASHELLS;2022.0;1
184600;;;KELP;SEASHELLS;2020.0;1
184600;;;RAINFOREST_RESIN;SEASHELLS;9995.0;1
184800;;;RAINFOREST_RESIN;SEASHELLS;10002.0;3
184800;;;RAINFOREST_RESIN;SEASHELLS;10002.0;5
185200;;;KELP;SEASHELLS;2024.0;10
185400;;;KELP;SEASHELLS;2020.0;1
185400;;;RAINFOREST_RESIN;SEASHELLS;9996.0;1
185800;;;RAINFOREST_RESIN;SEASHELLS;9998.0;1
186100;;;KELP;SEASHELLS;2022.0;1
186100;;;KELP;SEASHELLS;2022.0;4
186300;;;KELP;SEASHELLS;2021.0;10
186300;;;RAINFOREST_RESIN;SEASHELLS;10004.0;1
186300;;;RAINFOREST_RESIN;SEASHELLS;10004.0;10
186400;;;KELP;SEASHELLS;2021.0;1
187000;;;KELP;SEASHELLS;2022.0;3
187300;;;KELP;SEASHELLS;2023.0;1
187400;;;KELP;SEASHELLS;2023.0;1
187700;;;KELP;SEASHELLS;2021.0;1
187700;;;KELP;SEASHELLS;2024.0;15
188000;;;RAINFOREST_RESIN;SEASHELLS;10002.0;1
188400;;;RAINFOREST_RESIN;SEASHELLS;9998.0;1
188500;;;RAINFOREST_RESIN;SEASHELLS;10002.0;1
189000;;;KELP;SEASHELLS;2020.0;1
189200;;;KELP;SEASHELLS;2021.0;3
189500;;;KELP;SEASHELLS;2024.0;2
189500;;;RAINFOREST_RESIN;SEASHELLS;9998.0;1
189500;;;RAINFOREST_RESIN;SEASHELLS;10005.0;2
189800;;;KELP;SEASHELLS;2023.0;2
189800;;;RAINFOREST_RESIN;SEASHELLS;10004.0;1
189800;;;RAINFOREST_RESIN;SEASHELLS;10004.0;1
189900;;;KELP;SEASHELLS;2022.0;1
190000;;;KELP;SEASHELLS;2020.0;9
190300;;;KELP;SEASHELLS;2023.0;1
190600;;;KELP;SEASHELLS;2020.0;1
190700;;;KELP;SEASHELLS;2020.0;10
190800;;;RAINFOREST_RESIN;SEASHELLS;9998.0;5
190900;;;KELP;SEASHELLS;2024.0;1
190900;;;KELP;SEASHELLS;2023.0;1
190900;;;RAINFOREST_RESIN;SEASHELLS;10005.0;1
190900;;;RAINFOREST_RESIN;SEASHELLS;10002.0;1
191000;;;RAINFOREST_RESIN;SEASHELLS;10002.0;1
191400;;;RAINFOREST_RESIN;SEASHELLS;9998.0;1
191700;;;RAINFOREST_RESIN;SEASHELLS;10004.0;2
191700;;;RAINFOREST_RESIN;SEASHELLS;10004.0;4
191800;;;KELP;SEASHELLS;2022.0;1
192000;;;KELP;SEASHELLS;2022.0;1
192000;;;RAINFOREST_RESIN;SEASHELLS;10002.0;1
192100;;;RAINFOREST_RESIN;SEASHELLS;9998.0;1
192200;;;KELP;SEASHELLS;2019.0;5
192200;;;RAINFOREST_RESIN;SEASHELLS;9998.0;2
192400;;;KELP;SEASHELLS;2019.0;1
192400;;;RAINFOREST_RESIN;SEASHELLS;9998.0;1
192700;;;RAINFOREST_RESIN;SEASHELLS;9996.0;1
192700;;;RAINFOREST_RESIN;SEASHELLS;9996.0;5
193300;;;RAINFOREST_RESIN;SEASHELLS;10002.0;1
193300;;;RAINFOREST_RESIN;SEASHELLS;10002.0;4
193600;;;KELP;SEASHELLS;2021.0;14
193700;;;RAINFOREST_RESIN;SEASHELLS;9998.0;1
193800;;;KELP;SEASHELLS;2020.0;1
194000;;;KELP;SEASHELLS;2018.0;1
194300;;;KELP;SEASHELLS;2018.0;1
194400;;;KELP;SEASHELLS;2021.0;2
194400;;;RAINFOREST_RESIN;SEASHELLS;10002.0;2
194600;;;KELP;SEASHELLS;2018.0;1
195100;;;KELP;SEASHELLS;2018.0;2
195100;;;KELP;SEASHELLS;2018.0;6
195100;;;RAINFOREST_RESIN;SEASHELLS;10002.0;4
195100;;;RAINFOREST_RESIN;SEASHELLS;10002.0;1
195700;;;RAINFOREST_RESIN;SEASHELLS;10002.0;1
195800;;;KELP;SEASHELLS;2021.0;1
195800;;;RAINFOREST_RESIN;SEASHELLS;10004.0;1
196000;;;RAINFOREST_RESIN;SEASHELLS;10002.0;1
196500;;;KELP;SEASHELLS;2022.0;1
197300;;;KELP;SEASHELLS;2023.0;1
197300;;;RAINFOREST_RESIN;SEASHELLS;9996.0;1
197300;;;RAINFOREST_RESIN;SEASHELLS;9996.0;1
197500;;;KELP;SEASHELLS;2020.0;1
197700;;;KELP;SEASHELLS;2024.0;2
197700;;;RAINFOREST_RESIN;SEASHELLS;10002.0;2
198500;;;KELP;SEASHELLS;2024.0;2
198500;;;RAINFOREST_RESIN;SEASHELLS;9998.0;2
198800;;;KELP;SEASHELLS;2021.0;1
198900;;;KELP;SEASHELLS;2021.0;5
198900;;;RAINFOREST_RESIN;SEASHELLS;10002.0;1
199000;;;KELP;SEASHELLS;2020.0;2
199000;;;RAINFOREST_RESIN;SEASHELLS;9996.0;2
199100;;;KELP;SEASHELLS;2020.0;1
199200;;;KELP;SEASHELLS;2021.0;2
199400;;;KELP;SEASHELLS;2022.0;1
199400;;;KELP;SEASHELLS;2021.0;2
199400;;;KELP;SEASHELLS;2021.0;1
199400;;;KELP;SEASHELLS;2021.0;3
199400;;;RAINFOREST_RESIN;SEASHELLS;10004.0;1
199500;;;RAINFOREST_RESIN;SEASHELLS;10002.0;1
199600;;;KELP;SEASHELLS;2023.0;1
199600;;;KELP;SEASHELLS;2023.0;1
199600;;;RAINFOREST_RESIN;SEASHELLS;10002.0;2
